,,,,,,,,,,
SEZNAM ŽENSKÝCH JMEN,,,,,,,,,,
Jména A,,Jména B,,"Jména C, Č",,Jména D,,Jména E,,
AALIYAH,,BABETA,,CAITIR,,DAFINA,,EBRU,,
AAMU,,BABETTE,,CAITLIN,,DAFNA,,ECATERINA,,
AARIFA,,BABY,,CALEDONIA,,DAFNÉ,,ECE,,
AASE,,BAELI,,CAMELIA,,DAFNI,,EDALYN,,
ABBIE,,BAJA,,CAMILA,,DAGI,,EDELGARD,,
ABBY,,BALBÍNA,,CAMILLA,,DAGMAR,,EDELINE,,
ABBYGAIL,,BANI,,CANDICE,,DAGMARA,,EDELTRAUD,,
ABENA,,BÁRA,,CANSU,,DAHLIA,,EDELTRAUDA,,
ABIGAEL,,BARAKA,,CARIN,,DAIANA,,EDELTRAUT,,
ABIGAIL,,BARBARA,,CARINA,,DAISY,,EDELTRUD,,
ABISHAG,,BÄRBEL,,CARINE,,DAJA,,EDELTRUDA,,
ABÍŠAG,,BARBIE,,CARINNE,,DÁJA,,EDINA,,
ADAEZE,,BARBORA,,CARLOTTA,,DAJANA,,EDIT,,
ADALIND,,BAREAN,,CARMEN,,DAJÁNA,,EDITA,,
ADARA,,BARUNKA,,CARMIT,,DALENA,,EDITH,,
ADEA,,BAYA,,CAROLA,,DALIA,,EDITHA,,
ADEDOLA,,BEA,,CAROLE,,DALIBORA,,EDNA,,
ADEDUNNI,,BEATA,,CAROLIN,,DALIDA,,EDUARDA,,
ADEL,,BEÁTA,,CAROLINA,,DALIE,,EDYTA,,
ADELA,,BEATE,,CAROLINE,,DALILA,,EEVA,,
ADÉLA,,BEATHA,,CAROLYN,,DALIMILA,,EFRAT,,
ADELAIDA,,BEATRICA,,CARRIE,,DALIT,,EIDA,,
ADELAIDE,,BEATRICE,,CARROL,,DALIYA,,EILA,,
ADELE,,BÉATRICE,,CASSANDRA,,DAMARIS,,EILEE,,
ADÉLE,,BEATRICIE,,CASTILLE,,DAMIANA,,EILEEN,,
ADELHAIDA,,BEATRIS,,CATALEYA,,DAMIÁNA,,EILIS,,
ADELHEID,,BEATRIX,,CATALINA,,DANA,,EINAT,,
ADELHEIDA,,BEATRIZ,,CATARINA,,DAŇA,,EINAV,,
ADÉLIA,,BEATTA,,CATERINA,,DÁŇA,,EIRA,,
ADELIN,,BEC,,CATHARINA,,DANAE,,EIREEN,,
ADELINA,,BECK,,CATHERINE,,DANAI,,EIVA,,
ADELÍNA,,BEDA,,CATHY,,DANEYA,,EIVOR,,
ADELINE,,BEDIA,,CATRINE,,DANIA,,EJ,,
ADELITA,,BEDŘICHA,,CECILIA,,DANICA,,EJDA,,
ADELL,,BEDŘIŠKA,,CECÍLIA,,DANIČKA,,EKATERINA,,
ADELLA,,BĚLA,,CECILIE,,DANIELA,,EKATERINI,,
ADELLE,,BELÉN,,CECÍLIE,,DANIELLA,,ELA,,
ADINA,,BĚLENA,,CECYLIA,,DANIELLE,,ELAIN,,
ADJO,,BELINA,,CELESTINA,,DANIJELA,,ELAINE,,
ADLEN,,BELINDA,,CELESTÍNA,,DANIKA,,ELANI,,
ADLETA,,BELLA,,CELESTÝNA,,DANISLAVA,,ELAYA,,
ADLÉTA,,BELLATRIX,,CELINA,,DANIYA,,ELAYNA,,
ADMIRA,,BĚLOSLAVA,,CELINE,,DANKA,,ELEA,,
ADOLFA,,BĚLUŠE,,CÉLINE,,DANNA,,ELEAN,,
ADOLFINA,,BĚLUŠKA,,CIARA,,DANUŠ,,ELEANA,,
ADOLFÍNA,,BENEDETTA,,CINDY,,DANUŠA,,ELEANORA,,
ADREEA,,BENEDIKTA,,CIPORA,,DANUŠE,,ELÉANORE,,
ADRIANA,,BENIKA ,,CIRI,,DANUŠKA,,ELEFTERIA,,
ADRIÁNA,,BERENIKA,,CIRILLA,,DANUTA,,ELEKTRA,,
ADRIANE,,BERENIKE,,CITLALI,,DANYA,,ELEN,,
ADRIANNA,,BERENIKÉ,,CLARA,,DAPHNE,,ELÉN,,
ADRIANNE,,BERIA,,CLARISSA,,DAREEN,,ELENA,,
ADRIELLA,,BERIT,,CLAUDETTA,,DARIA,,ELENI,,
ADRIENA,,BERITAN,,CLAUDIA,,DÁRIA,,ELENIE,,
ADRIENNA,,BERNADET,,CLAUDIE,,DARIANA,,ELENKA,,
ADRIENNE,,BERNADETA,,CLEMENTINE,,DARIJA,,ELENOIRE,,
ADRIJANA,,BERNADETTA,,CLÉMENTINE,,DARINA,,ELENOR,,
ADRINE,,BERNADETTE,,CLOE,,DARÍNA,,ELEONOR,,
ADVA,,BERNARDA,,CLOÉ,,DARINKA,,ELEONORA,,
ADYELLAH,,BERNARDETA,,COCO,,DARIS,,ELEONÓRA,,
AELITA,,BERNARDINA,,COLETTE,,DARJA,,ELFI,,
AERIS,,BERNARDÍNA,,CONSOLATA,,DARKA,,ELFIRA,,
AESHA,,BERTA,,CONSTANCE,,DARUŠE,,ELFRIDA,,
AFRODITA,,BERTHA,,CONSTANZE,,DARYA,,ELFRÍDA,,
AFRODITI,,BERTINA,,CORA,,DARYNA,,ELFRIEDA,,
AGAM,,BĚTA,,CORAL,,DASHA,,ELFRIEDE,,
AGATA,,BETH,,CORALIA,,DASI,,ELFRÝDA,,
AGÁTA,,BETHANY,,CORDINE,,DAŠA,,ELÍA,,
AGATHA,,BETKA,,COREY,,DÁŠA,,ELIANA,,
AGATHE,,BETTINA,,CORINA,,DAŠENA,,ELIANE,,
AGLAIA,,BETTY,,CORINNE,,DAŠENKA,,ELIANNA,,
AGLAJA,,BĚTUŠKA,,CORNELIA,,DÁŠENKA,,ELIANORA,,
AGNES,,BEX,,CORNÉLIE,,DAVIDA,,ELIDA,,
ÁGNES,,BIANA,,COSMA,,DAYANE,,ELINA,,
AGNESA,,BIANCA,,COSMINA,,DEANA,,ELINE,,
AGNEŠA,,BIANKA,,CRISPINA,,DEANNA,,ELINOR,,
AGNETA,,BIBA,,CRISTIN,,DEB,,ELIORA,,
AGNIESZKA,,BIBI,,CRISTINA,,DEBBIE,,ELISABEL,,
AGUSTINA,,BIBIANA,,CRISTINE,,DEBORA,,ELISABET,,
AHUTI,,BIBIÁNA,,CSILLA,,DEBORAH,,ELISABETA,,
AIDA,,BIBIANNA,,CTIRADA,,DEEPIKA,,ELISABETH,,
AIDAI,,BILJANA,,CVETA,,DEFNE,,ELISABETHA,,
AICHA,,BILLIE,,CYNTHIA,,DEINA,,ELISABETTA,,
AIKA,,BIRGIT,,CYNTHIE,,DEJA,,ELISAVET,,
AIKI,,BIRGITA,,CYNTIE,,DEJANA,,ELISAVETA,,
AILA,,BIRSEN,,CYRILA,,DELFI,,ELISE,,
AILANA,,BIRUTE,,CYRILKA,,DELIA,,ELISHKA,,
AILEEN,,BISERKA,,CYRILLA,,DELILA,,ELISIA,,
AILIN,,BISHARA,,CZESLAWA,,DELILAH,,ELISKA,,
AILYN,,BLAHOMILA,,CZESŁAWA,,DELL,,ELISSA,,
AIMA,,BLAHOMÍRA,,ČANDRIKA,,DELLA,,ELIŠEVA,,
AIMÉE,,BLAHOSLAVA,,ČEŇKA,,DEMI,,ELIŠKA,,
AIMY,,BLANCA,,ČESLAVA,,DENAÉ,,ELIYA,,
AIOLA,,BLANKA,,ČESTMÍRA,,DENAIDA,,ELIZABET,,
AISHA,,BLAŽENA,,,,DENISA,,ELIZABETA,,
AISLINN,,BLAŽENKA,,,,DENISE,,ELIZABETH,,
AIŠA,,BOGUMILA,,,,DENISSA,,ELIZAVETA,,
AITANA,,BOGUMIŁA,,,,DENISSE,,ELKA,,
AIZA,,BOGUSLAWA,,,,DERIA,,ELL,,
AIZHAN,,BOGUSŁAWA,,,,DESANKA,,ELLANIE,,
ÁJA,,BOHDANA,,,,DESIREE,,ELLEANOR,,
AJANA,,BOHDANKA,,,,DÉSIRÉE,,ELLENA,,
AJDA,,BOHUMILA,,,,DESISLAVA,,ELLIA,,
AJGUL,,BOHUMÍRA,,,,DESPINA,,ELLIANA,,
AJLA,,BOHUNA,,,,DĚVANA,,ELLIE,,
AJNA,,BOHUNKA,,,,DÉVÍ,,ELLIN,,
AJOONI,,BOHUSLAVA,,,,DEVIN,,ELLINA,,
AJŠA,,BOHUSLÁVKA,,,,DEVORAH,,ELLINOR,,
AKBOTA,,BOHUŠE,,,,DEXY,,ELLISA,,
AKIRA,,BOHUŠKA,,,,DIA,,ELLISABETH,,
AKRAM,,BOHUVĚRA,,,,DIANA,,ELLYN,,
AKSANA,,BOJANA,,,,DIANE,,ELLYSIA,,
ALA,,BOLESLAVA,,,,DIANNA,,ELMA,,
ALAINA,,BOŇA,,,,DIDIANA,,ELMIRA,,
ALANA,,BORISLAVA,,,,DIEM,,ELODIE,,
ALANI,,BORJANA,,,,DIJANA,,ELOISE,,
ALASKA,,BOŽENA,,,,DILARA,,ELONA,,
ALAYA,,BOŽENKA,,,,DILETTA,,ELORA,,
ALBENA,,BRANISLAVA,,,,DILYARA,,ELORIE,,
ALBERTA,,BRANKA,,,,DIMITRA,,ELPIDA,,
ALBERTINA,,BRANWEN,,,,DIMITRINA,,ELSA,,
ALBINA,,BRENDA,,,,DIMITRULA,,ELSIE,,
ALBÍNA,,BRIA,,,,DINA,,ELVEZIA,,
ALCIONE,,BRIANA,,,,DÍNA,,ELVINA,,
ALEJANDRA,,BRIANAG,,,,DINAH,,ELVÍNA,,
ALEKSANDRA,,BRIANAH,,,,DINARA,,ELVIRA,,
ALEN,,BRIANNA,,,,DIOR,,ELVÍRA,,
ALENA,,BRIEZ,,,,DIORA,,ELYN,,
ALENKA,,BRIGIT,,,,DIS,,ELYNE,,
ALESHA,,BRIGITA,,,,DITA,,ELYRIA,,
ALESIA,,BRIGITTA,,,,DITTA,,ELYSE,,
ALESJA,,BRIGITTE,,,,DIVIŠKA,,ELZBIETA,,
ALESSA,,BRISIA,,,,DIVYA,,ELŻBIETA,,
ALESSANDRA,,BRITA,,,,DIYORA,,ELŽBIETA,,
ALESSIA,,BROŇA,,,,DJAMILA,,EMA,,
ALEŠA,,BRONIA,,,,DOBRA,,EMANUELA,,
ALEŠKA,,BRONISLAVA,,,,DOBROMILA,,EMARA,,
ALETTE,,BRUNA,,,,DOBROMÍRA,,EMBER,,
ALEXANDERA,,BRUNHILDA,,,,DOBROMYSLA,,EMELIE,,
ALEXANDRA,,BŘETISLAVA,,,,DOBROSLAVA,,EMELY,,
ALEXANDRIA,,BUA,,,,DOBRUŠE,,EMIKA,,
ALEXIA,,BURJA,,,,DOBRUŠKA,,EMILA,,
ALFIA,,,,,,DOČKA,,EMILI,,
ALFIJA,,,,,,DOLORES,,EMILIA,,
ALFIYA,,,,,,DOMENICA,,EMÍLIA,,
ALFREDA,,,,,,DOMINGA,,EMILIANA,,
ALFRÉDA,,,,,,DOMINICA,,EMILIE,,
ALIA,,,,,,DOMINIKA,,EMÍLIE,,
ALIAKSANDRA,,,,,,DONATA,,ÉMILIE,,
ALICA,,,,,,DONATELA,,EMILIJA,,
ALICIA,,,,,,DONIKA,,EMILIYA,,
ALICJA,,,,,,DONKA,,EMILII,,
ALIE,,,,,,DONNA,,EMILLY,,
ALIKI,,,,,,DORA,,EMINA,,
ALINA,,,,,,DOREEN,,EMÍNA,,
ALÍNA,,,,,,DORIANA,,EMINE,,
ALINE,,,,,,DORINA,,EMMA,,
ALIONA,,,,,,DORIS,,EMMELINE,,
ALISA,,,,,,DORIT,,EMMY,,
ALISHA,,,,,,DORKA,,EMY,,
ALISIA,,,,,,DOROTA,,ENA,,
ALISSA,,,,,,DOROTEA,,ENCA,,
ALITA,,,,,,DOROTHEA,,ENGLISH,,
ALIYA,,,,,,DOROTHY,,ENI,,
ALIYAH,,,,,,DOROTKA,,ENID,,
ALIZA,,,,,,DOROTTA,,ENISA,,
ALIZÉE,,,,,,DOUBRAVA,,ENKA,,
ALJA,,,,,,DOUBRAVKA,,ENNA,,
ALJONA,,,,,,DOUCE,,ENNI,,
ALLA,,,,,,DRAGA,,ENNIE,,
ALLICE,,,,,,DRAGANA,,ENNY,,
ALMA,,,,,,DRAGICA,,ENOLA,,
ALMINA,,,,,,DRAHA,,ENYA,,
ALOISIA,,,,,,DRAHOMILA,,EOWYN,,
ALOISIE,,,,,,DRAHOMÍRA,,EPONA,,
ALOJZIA,,,,,,DRAHOSLAVA,,ERI,,
ALONA,,,,,,DRAHUŠA,,ERICA,,
ALUISA,,,,,,DRAHUŠE,,ERIKA,,
ALUNA,,,,,,DRAHUŠKA,,ERINA,,
ALVI,,,,,,DUA,,ERLISA,,
ALVINA,,,,,,DUBJANKA,,ERMOLIN,,
ALVÍNA,,,,,,DUBRAVKA,,ERNA,,
ALYONA,,,,,,DUCKY,,ERNESTINA,,
ALŽBETA,,,,,,DUŇA,,ERNESTÍNA,,
ALŽBĚTA,,,,,,DUNJA,,ERNESTINE,,
AMADEA,,,,,,DURU,,ERNESTÝNA,,
AMAIA,,,,,,DUŠANA,,ERONA,,
AMAIRA,,,,,,DUŠANKA,,ERVÍNA,,
AMALEA,,,,,,DUŠICA,,ERZSÉBET,,
AMALEE,,,,,,DVORA,,ERŽIKA,,
AMALIA,,,,,,DVORAH,,ESCADA,,
AMÁLIA,,,,,,DZIYANA,,ESLINA,,
AMÁLIE,,,,,,DŽAMILA,,ESMA,,
AMALIJA,,,,,,DŽUVAJRIJA,,ESMÉE,,
AMÁLKA,,,,,,,,ESMERALDA,,
AMALY,,,,,,,,ESPERANZA,,
AMÁNA,,,,,,,,ESSI,,
AMANDA,,,,,,,,ESSOWEDEOU,,
AMANI,,,,,,,,ESTEL,,
AMARA,,,,,,,,ESTELA,,
AMÁTA,,,,,,,,ESTELL,,
AMAYA,,,,,,,,ESTELLA,,
AMAZONA,,,,,,,,ESTELLE,,
AMBRA,,,,,,,,ESTER,,
AMEL,,,,,,,,ESTERA,,
AMELA,,,,,,,,ESTHER,,
AMELI,,,,,,,,ESZTER,,
AMELIA,,,,,,,,ESZTI,,
AMÉLIA,,,,,,,,ETEL,,
AMELIE,,,,,,,,ETELA,,
AMÉLIE,,,,,,,,ETELKA,,
AMELLIE,,,,,,,,ETERI,,
AMELY,,,,,,,,ETHANY,,
AMEYA,,,,,,,,EUGENIA,,
AMEYALLI,,,,,,,,EUGÉNIA,,
AMI,,,,,,,,EUGENIE,,
AMIA,,,,,,,,EULALIE,,
AMILIA,,,,,,,,EULÁLIE,,
AMINA,,,,,,,,EUNIKA,,
AMÍNA,,,,,,,,EURYDIKA,,
AMINAT,,,,,,,,EVA,,
AMINE,,,,,,,,ÉVA,,
AMIRA,,,,,,,,EVANGELIA,,
AMNA,,,,,,,,EVANTIA,,
AMORA,,,,,,,,EVDOKIA,,
AMORIA,,,,,,,,EVDOXIA,,
AMRA,,,,,,,,EVELIEN,,
AMY,,,,,,,,EVELINA,,
ANA MARIA,,,,,,,,EVELÍNA,,
ANABEL,,,,,,,,EVELINE,,
ANABELA,,,,,,,,EVELLYN,,
ANABELL,,,,,,,,EVELYNA,,
ANABELLA,,,,,,,,EVELÝNA,,
ANABELLE,,,,,,,,EVELYNE,,
ANACAONA,,,,,,,,EVELYNNA,,
ANAHIT,,,,,,,,EVELYNNE,,
ANAIS,,,,,,,,EVGENIA,,
ANAÍS,,,,,,,,EVGENIE,,
ANAM,,,,,,,,EVGENIJA,,
ÁNANDA,,,,,,,,EVGENIYA,,
ANASHE,,,,,,,,EVGHENIA,,
ANASTASIA,,,,,,,,EVI,,
ANASTÁSIE,,,,,,,,EVIANA,,
ANASTASIIA,,,,,,,,EVIČKA,,
ANASTASIJA,,,,,,,,EVINA,,
ANASTASIYA,,,,,,,,EVITA,,
ANASTÁZA,,,,,,,,EVOLET,,
ANASTAZIA,,,,,,,,EVOLETTE,,
ANASTÁZIA,,,,,,,,EVŽA,,
ANASTAZIE,,,,,,,,EVŽENA,,
ANASTÁZIE,,,,,,,,EVŽENIE,,
ANAT,,,,,,,,EVŽENKA,,
ANATH,,,,,,,,EWA,,
ANAYA,,,,,,,,EWELINA,,
ANCA,,,,,,,,EYSAN,,
ANDA,,,,,,,,EZMA,,
ANDELA,,,,,,,,,,
ANDĚLA,,,,,,,,,,
ANDĚLINA,,,,,,,,,,
ANDĚLÍNA,,,,,,,,,,
ANDĚLKA,,,,,,,,,,
ANDRÉA,,,,,,,,,,
ANDREEA,,,,,,,,,,
ANDREIA,,,,,,,,,,
ANDRESA,,,,,,,,,,
ANDRIANA,,,,,,,,,,
ANDRIJANA,,,,,,,,,,
ANDRONIKI,,,,,,,,,,
ANE,,,,,,,,,,
ANEE,,,,,,,,,,
ANELA,,,,,,,,,,
ANELI,,,,,,,,,,
ANESA,,,,,,,,,,
ANET,,,,,,,,,,
ANETA,,,,,,,,,,
ANETT,,,,,,,,,,
ANETTA,,,,,,,,,,
ANETTE,,,,,,,,,,
ANEŽKA,,,,,,,,,,
ANFISA,,,,,,,,,,
ANGELA,,,,,,,,,,
ANGELICA,,,,,,,,,,
ANGELIKA,,,,,,,,,,
ANGELIKI,,,,,,,,,,
ANGELINA,,,,,,,,,,
ANGELÍNA,,,,,,,,,,
ANGELIQUE,,,,,,,,,,
ANGIE,,,,,,,,,,
ANHELINA,,,,,,,,,,
ANI,,,,,,,,,,
ANICA,,,,,,,,,,
ANIČKA,,,,,,,,,,
ANIELA,,,,,,,,,,
ANIKA,,,,,,,,,,
ANIKÓ,,,,,,,,,,
ANILAH,,,,,,,,,,
ANINA,,,,,,,,,,
ANISA,,,,,,,,,,
ANISSA,,,,,,,,,,
ANITA,,,,,,,,,,
ANITTA,,,,,,,,,,
ANIYA,,,,,,,,,,
ANJA,,,,,,,,,,
ANJALI,,,,,,,,,,
ANKA,,,,,,,,,,
ANN,,,,,,,,,,
ANNA,,,,,,,,,,
ANNABEL,,,,,,,,,,
ANNABELA,,,,,,,,,,
ANNABELL,,,,,,,,,,
ANNABELLA,,,,,,,,,,
ANNABELLE,,,,,,,,,,
ANNABETH,,,,,,,,,,
ANNAËLLE ,,,,,,,,,,
ANNALIESA,,,,,,,,,,
ANNALIESE,,,,,,,,,,
ANNAMARIA,,,,,,,,,,
ANNAMÁRIA,,,,,,,,,,
ANNAMARIE,,,,,,,,,,
ANNASTASIA,,,,,,,,,,
ANNE,,,,,,,,,,
ANNELI,,,,,,,,,,
ANNELIE,,,,,,,,,,
ANNELIES,,,,,,,,,,
ANNELIESA,,,,,,,,,,
ANNELIESE,,,,,,,,,,
ANNEMARI,,,,,,,,,,
ANNEMARIE,,,,,,,,,,
ANNEMARY,,,,,,,,,,
ANNETA,,,,,,,,,,
ANNETTA,,,,,,,,,,
ANNETTE,,,,,,,,,,
ANNI,,,,,,,,,,
ANNIA,,,,,,,,,,
ANNIE,,,,,,,,,,
ANNIKA,,,,,,,,,,
ANNITA,,,,,,,,,,
ANNY,,,,,,,,,,
ANOLI,,,,,,,,,,
ANOUK,,,,,,,,,,
ANSELMA,,,,,,,,,,
ANTHEIA,,,,,,,,,,
ANTIKA,,,,,,,,,,
ANTINI,,,,,,,,,,
ANTOANETA,,,,,,,,,,
ANTOINETTE,,,,,,,,,,
ANTONELLA,,,,,,,,,,
ANTONIA,,,,,,,,,,
ANTÓNIA,,,,,,,,,,
ANTONIETTA,,,,,,,,,,
ANTONINA,,,,,,,,,,
ANTONÍNA,,,,,,,,,,
ANTUANETTA,,,,,,,,,,
ANTULA,,,,,,,,,,
ANUJIN,,,,,,,,,,
ANUŠE,,,,,,,,,,
ANUŠKA,,,,,,,,,,
ANY,,,,,,,,,,
ANYA,,,,,,,,,,
ANZHELIKA,,,,,,,,,,
ANŽELA,,,,,,,,,,
ANŽELIKA,,,,,,,,,,
AŇA,,,,,,,,,,
APOLENA,,,,,,,,,,
APOLÉNA,,,,,,,,,,
APOLONIA,,,,,,,,,,
APOLÓNIA,,,,,,,,,,
APOLONIE,,,,,,,,,,
AQUA,,,,,,,,,,
ARANA,,,,,,,,,,
ARANKA,,,,,,,,,,
ARAXI,,,,,,,,,,
ARETE,,,,,,,,,,
ARETHI,,,,,,,,,,
ARETI,,,,,,,,,,
AREVIK,,,,,,,,,,
ARIA,,,,,,,,,,
ARIADNA,,,,,,,,,,
ARIADNI,,,,,,,,,,
ARIANA,,,,,,,,,,
ARIANE,,,,,,,,,,
ARIANNA,,,,,,,,,,
ARIELA,,,,,,,,,,
ARIELLE,,,,,,,,,,
ARIETTA,,,,,,,,,,
ARIETTE,,,,,,,,,,
ARIFA,,,,,,,,,,
ARIN,,,,,,,,,,
ARINA,,,,,,,,,,
ARINYA,,,,,,,,,,
ARION,,,,,,,,,,
ARLEN,,,,,,,,,,
ARLENA,,,,,,,,,,
ARLET,,,,,,,,,,
ARLETA,,,,,,,,,,
ARLETTA,,,,,,,,,,
ARLETTE,,,,,,,,,,
ARMINA,,,,,,,,,,
ARMINE,,,,,,,,,,
ARNA,,,,,,,,,,
ARNOŠTA,,,,,,,,,,
ARNOŠTKA,,,,,,,,,,
ARONA,,,,,,,,,,
ARTA,,,,,,,,,,
ARTHURIA,,,,,,,,,,
ARVEN,,,,,,,,,,
ARWA,,,,,,,,,,
ARWEN,,,,,,,,,,
ARYA,,,,,,,,,,
ARZU,,,,,,,,,,
ASAMI ,,,,,,,,,,
ASAVELA,,,,,,,,,,
ASEL,,,,,,,,,,
ASEYE,,,,,,,,,,
ASHLYNN,,,,,,,,,,
ASIA,,,,,,,,,,
ASILA,,,,,,,,,,
ASIYA,,,,,,,,,,
ASJA,,,,,,,,,,
ASKA,,,,,,,,,,
ASKJA,,,,,,,,,,
ASMA,,,,,,,,,,
ASMARA,,,,,,,,,,
ASMIN,,,,,,,,,,
ASNAKECH,,,,,,,,,,
ASTRID,,,,,,,,,,
ASTRIDA,,,,,,,,,,
ASYA,,,,,,,,,,
ATALIA,,,,,,,,,,
ATANASIA,,,,,,,,,,
ATHENA,,,,,,,,,,
ATHÉNA,,,,,,,,,,
ATHINA,,,,,,,,,,
ATINA,,,,,,,,,,
ATIYAH,,,,,,,,,,
AUDREY,,,,,,,,,,
AUGUSTA,,,,,,,,,,
AUGUSTINA,,,,,,,,,,
AUGUSTÍNA,,,,,,,,,,
AUGUSTÝNA,,,,,,,,,,
AURA,,,,,,,,,,
AURALIA,,,,,,,,,,
AURANE,,,,,,,,,,
AURELIA,,,,,,,,,,
AURÉLIA,,,,,,,,,,
AURELIE,,,,,,,,,,
AURÉLIE,,,,,,,,,,
AURELINE,,,,,,,,,,
AURELLIE,,,,,,,,,,
AURIKA,,,,,,,,,,
AURORA,,,,,,,,,,
AVE,,,,,,,,,,
AVELYNN,,,,,,,,,,
AVIANA,,,,,,,,,,
AVIGAIL,,,,,,,,,,
AVISAG,,,,,,,,,,
AVISAGA,,,,,,,,,,
AVISHAG,,,,,,,,,,
AVIŠAG,,,,,,,,,,
AVITAL,,,,,,,,,,
AVNI,,,,,,,,,,
AWEN,,,,,,,,,,
AYA,,,,,,,,,,
AYAKA,,,,,,,,,,
AYALA,,,,,,,,,,
AYAN,,,,,,,,,,
AYAT,,,,,,,,,,
AYCAN,,,,,,,,,,
AYELET,,,,,,,,,,
AYELET,,,,,,,,,,
AYESHA,,,,,,,,,,
AYLA,,,,,,,,,,
AYLEEN,,,,,,,,,,
AYLIN,,,,,,,,,,
AYRA,,,,,,,,,,
AYSE,,,,,,,,,,
AYSHA,,,,,,,,,,
AYZA,,,,,,,,,,
AZALEA,,,,,,,,,,
AZALEE,,,,,,,,,,
AZALIA,,,,,,,,,,
AZIZA,,,,,,,,,,
AZIZAH,,,,,,,,,,
AZRA,,,,,,,,,,
,,,,,,,,,,
,,,,,,,,,,
,,,,,,,,,,
